{
  "experiment_total_real_time": 26.943915128707886,
  "experiment_total_simulated_time": 14.641658006235957,
  "completed_distance": 81.8100611892325,
  "effective_completed_distance": 27.0,
  "percentage_completed": 0.0,
  "completed_laps": 0.0,
  "average_speed": 20.202734444481337,
  "max_speed": 25.28799701406654,
  "min_speed": 0.11532918415870261,
  "position_deviation_mean": 1.299928509437216,
  "position_deviation_total_err": 574.5684011712494,
  "position_deviation_mean_per_km": 48.145500349526515,
  "collisions": 21.0,
  "collisions_per_km": 777.7777777777778,
  "lane_invasions": 442.0,
  "lane_invasions_per_km": 16370.37037037037,
  "suddenness_distance_control_commands": 0.007850617864765281,
  "suddenness_distance_throttle": 0.001072782102355615,
  "suddenness_distance_steer": 0.007574983889367976,
  "suddenness_distance_brake_command": 0.0,
  "suddenness_distance_control_command_per_km": 0.09596152051037149,
  "suddenness_distance_throttle_per_km": 0.039732670457615374,
  "suddenness_distance_steer_per_km": 0.2805549588654806,
  "suddenness_distance_brake_command_per_km": 0.0,
  "experiment_model": "",
  "carla_map": "Carla/Maps/Town01",
  "starting_point_map": [
    263.1197814941406,
    330.6070556640625
  ],
  "timestamp": "20251201-155535",
  "world": "configs/CARLA/default_carla_front_image_api.yml",
  "brain": "/home/alex/BehaviorMetrics/behavior_metrics/brains/CARLA/brain_carla_front_image_api.py",
  "experiment_name": "N/A"
}