{
  "experiment_total_real_time": 160.57200741767883,
  "experiment_total_simulated_time": 128.80782180838287,
  "completed_distance": 868.9474584216674,
  "effective_completed_distance": 807.0,
  "percentage_completed": 0.0,
  "completed_laps": 0.0,
  "average_speed": 24.22993595313355,
  "max_speed": 26.396443684703684,
  "min_speed": 0.05585286796595424,
  "position_deviation_mean": 0.5842647320115313,
  "position_deviation_total_err": 1978.320382591045,
  "position_deviation_mean_per_km": 0.7239959504479941,
  "collisions": 14.0,
  "collisions_per_km": 17.348203221809168,
  "lane_invasions": 3386.0,
  "lane_invasions_per_km": 4195.786864931846,
  "suddenness_distance_control_commands": 0.008208956886829303,
  "suddenness_distance_throttle": 0.0018302412469770938,
  "suddenness_distance_steer": 0.0076346860216322384,
  "suddenness_distance_brake_command": 0.0,
  "suddenness_distance_control_command_per_km": 0.009447011792565489,
  "suddenness_distance_throttle_per_km": 0.002267956935535432,
  "suddenness_distance_steer_per_km": 0.009460577474141559,
  "suddenness_distance_brake_command_per_km": 0.0,
  "experiment_model": "",
  "carla_map": "Carla/Maps/Town01",
  "starting_point_map": [
    263.1197814941406,
    330.6070556640625
  ],
  "timestamp": "20251201-131558",
  "world": "configs/CARLA/default_carla_front_image_api.yml",
  "brain": "/home/alex/BehaviorMetrics/behavior_metrics/brains/CARLA/brain_carla_front_image_api.py",
  "experiment_name": "N/A"
}