{
  "experiment_total_real_time": 57.483702421188354,
  "experiment_total_simulated_time": 43.3232761118561,
  "completed_distance": 264.47460279136044,
  "effective_completed_distance": 195.5,
  "percentage_completed": 0.0,
  "completed_laps": 0.0,
  "average_speed": 21.973814729032636,
  "max_speed": 25.28184669469881,
  "min_speed": 0.009193016245025882,
  "position_deviation_mean": 1.1038064920349313,
  "position_deviation_total_err": 1351.059146250756,
  "position_deviation_mean_per_km": 5.6460690129664,
  "collisions": 34.0,
  "collisions_per_km": 173.91304347826087,
  "lane_invasions": 1224.0,
  "lane_invasions_per_km": 6260.869565217391,
  "suddenness_distance_control_commands": 0.010944215699649816,
  "suddenness_distance_throttle": 0.002291109068707571,
  "suddenness_distance_steer": 0.010216889810045515,
  "suddenness_distance_brake_command": 0.0,
  "suddenness_distance_control_command_per_km": 0.04138097036214673,
  "suddenness_distance_throttle_per_km": 0.01171922797292875,
  "suddenness_distance_steer_per_km": 0.05226030593373665,
  "suddenness_distance_brake_command_per_km": 0.0,
  "experiment_model": "",
  "carla_map": "Carla/Maps/Town01",
  "starting_point_map": [
    263.1197814941406,
    330.6070556640625
  ],
  "timestamp": "20251201-123853",
  "world": "configs/CARLA/default_carla_front_image_api.yml",
  "brain": "/home/alex/BehaviorMetrics/behavior_metrics/brains/CARLA/brain_carla_front_image_api.py",
  "experiment_name": "N/A"
}