{
  "experiment_total_real_time": 276.4583489894867,
  "experiment_total_simulated_time": 256.4074070416391,
  "completed_distance": 1785.3361107180447,
  "effective_completed_distance": 1674.0,
  "percentage_completed": 0.0,
  "completed_laps": 0.0,
  "average_speed": 25.065913990109966,
  "max_speed": 26.22689661888572,
  "min_speed": 12.2360324068228,
  "position_deviation_mean": 0.4293610720686856,
  "position_deviation_total_err": 3054.4746666966294,
  "position_deviation_mean_per_km": 0.25648809562048125,
  "collisions": 0.0,
  "collisions_per_km": 0.0,
  "lane_invasions": 7114.0,
  "lane_invasions_per_km": 4249.701314217444,
  "suddenness_distance_control_commands": 0.007075105430640354,
  "suddenness_distance_throttle": 0.0006096045226466223,
  "suddenness_distance_steer": 0.006909777551604502,
  "suddenness_distance_brake_command": 0.0,
  "suddenness_distance_control_command_per_km": 0.003962898295825549,
  "suddenness_distance_throttle_per_km": 0.0003641604077936812,
  "suddenness_distance_steer_per_km": 0.004127704630588114,
  "suddenness_distance_brake_command_per_km": 0.0,
  "experiment_model": "",
  "carla_map": "Carla/Maps/Town01",
  "starting_point_map": [
    266.6197814941406,
    330.607421875
  ],
  "timestamp": "20251201-152303",
  "world": "configs/CARLA/default_carla_front_image_api.yml",
  "brain": "/home/alex/BehaviorMetrics/behavior_metrics/brains/CARLA/brain_carla_front_image_api.py",
  "experiment_name": "N/A"
}