{
  "experiment_total_real_time": 76.34313488006592,
  "experiment_total_simulated_time": 26.00395548902452,
  "completed_distance": 153.39483143290218,
  "effective_completed_distance": 73.5,
  "percentage_completed": 0.0,
  "completed_laps": 0.0,
  "average_speed": 21.495465489308845,
  "max_speed": 25.693218150548343,
  "min_speed": 0.01448477878962348,
  "position_deviation_mean": 1.1183931729442724,
  "position_deviation_total_err": 813.071836730486,
  "position_deviation_mean_per_km": 15.216233645500306,
  "collisions": 26.0,
  "collisions_per_km": 353.74149659863946,
  "lane_invasions": 727.0,
  "lane_invasions_per_km": 9891.156462585035,
  "suddenness_distance_control_commands": 0.005798988611065482,
  "suddenness_distance_throttle": 0.00211517681103436,
  "suddenness_distance_steer": 0.0047348631987189065,
  "suddenness_distance_brake_command": 0.0,
  "suddenness_distance_control_command_per_km": 0.03780432858718626,
  "suddenness_distance_throttle_per_km": 0.028777915796385854,
  "suddenness_distance_steer_per_km": 0.06441990746556336,
  "suddenness_distance_brake_command_per_km": 0.0,
  "experiment_model": "",
  "carla_map": "Carla/Maps/Town01",
  "starting_point_map": [
    263.6197814941406,
    330.6070861816406
  ],
  "timestamp": "20251201-153209",
  "world": "configs/CARLA/default_carla_front_image_api.yml",
  "brain": "/home/alex/BehaviorMetrics/behavior_metrics/brains/CARLA/brain_carla_front_image_api.py",
  "experiment_name": "N/A"
}