{
  "experiment_total_real_time": 37.28087854385376,
  "experiment_total_simulated_time": 24.95818063244223,
  "completed_distance": 154.00325198241524,
  "effective_completed_distance": 121.0,
  "percentage_completed": 0.0,
  "completed_laps": 0.0,
  "average_speed": 22.45916625638787,
  "max_speed": 25.658119707723746,
  "min_speed": 0.04183161019390656,
  "position_deviation_mean": 0.5664399917200429,
  "position_deviation_total_err": 483.17331293719656,
  "position_deviation_mean_per_km": 4.68132224562019,
  "collisions": 29.0,
  "collisions_per_km": 239.6694214876033,
  "lane_invasions": 853.0,
  "lane_invasions_per_km": 7049.586776859504,
  "suddenness_distance_control_commands": 0.008102495491787086,
  "suddenness_distance_throttle": 0.001338742988210334,
  "suddenness_distance_steer": 0.007683931871758932,
  "suddenness_distance_brake_command": 0.0,
  "suddenness_distance_control_command_per_km": 0.052612496083603896,
  "suddenness_distance_throttle_per_km": 0.011063991638101935,
  "suddenness_distance_steer_per_km": 0.06350356918809034,
  "suddenness_distance_brake_command_per_km": 0.0,
  "experiment_model": "",
  "carla_map": "Carla/Maps/Town01",
  "starting_point_map": [
    263.6197814941406,
    330.6070861816406
  ],
  "timestamp": "20251201-155306",
  "world": "configs/CARLA/default_carla_front_image_api.yml",
  "brain": "/home/alex/BehaviorMetrics/behavior_metrics/brains/CARLA/brain_carla_front_image_api.py",
  "experiment_name": "N/A"
}