{
  "experiment_total_real_time": 279.58174872398376,
  "experiment_total_simulated_time": 250.41480659134686,
  "completed_distance": 1703.856179782763,
  "effective_completed_distance": 1334.0,
  "percentage_completed": 0.0,
  "completed_laps": 0.0,
  "average_speed": 24.496969536751628,
  "max_speed": 25.681919943226973,
  "min_speed": 8.802427872780315,
  "position_deviation_mean": 0.7394095752986803,
  "position_deviation_total_err": 5038.336846085208,
  "position_deviation_mean_per_km": 0.5542800414532836,
  "collisions": 0.0,
  "collisions_per_km": 0.0,
  "lane_invasions": 6814.0,
  "lane_invasions_per_km": 5107.946026986507,
  "suddenness_distance_control_commands": 0.010405274198474616,
  "suddenness_distance_throttle": 0.001213513140844281,
  "suddenness_distance_steer": 0.010134524040926947,
  "suddenness_distance_brake_command": 0.0,
  "suddenness_distance_control_command_per_km": 0.006106897003361668,
  "suddenness_distance_throttle_per_km": 0.000909680015625398,
  "suddenness_distance_steer_per_km": 0.0075970944834534825,
  "suddenness_distance_brake_command_per_km": 0.0,
  "experiment_model": "",
  "carla_map": "Carla/Maps/Town01",
  "starting_point_map": [
    264.6197814941406,
    330.6072082519531
  ],
  "timestamp": "20251201-122647",
  "world": "configs/CARLA/default_carla_front_image_api.yml",
  "brain": "/home/alex/BehaviorMetrics/behavior_metrics/brains/CARLA/brain_carla_front_image_api.py",
  "experiment_name": "N/A"
}